truth,pred,message_preprocessed
baptism,philosophy,jai déjà répondu cette affirmation faux impossible prouver
baptism,philosophy,agit faire part chose mettre lumière intérêt baptême intérêt restera salut donc seulement faculté connaître mal bien
baptism,philosophy,adresse e-mail publiée champ obligatoires indiqués
philosophy,baptism,foi repose nouveau testament ancien testament seulement non révélation orale si elles existent faite successeur apôtre ecriture tradition hm… non thomas aquin tant pis vatican ii… prochain catholique dira réformateur inventé sola scriptura dites thomas aquin réformateur alors
philosophy,baptism,maxime étudiant médecine lille fondateur blog parlafoifr passionne théologie systématique histoire dogme philosophie réaliste entendrez souvent bouche thomas aquin jean calvin vive scolastique affirme être marié meilleur épouse monde vivent ensemble lille leurs deux enfant moniteur méthode billings
baptism,philosophy,adresse e-mail publiée champ obligatoires indiqués
baptism,philosophy,adresse e-mail publiée champ obligatoires indiqués
baptism,philosophy,samuel « parlerez ainsi vie paix paix maison tout appartient »
baptism,philosophy,commentaire james packer intéressant deux égard
baptism,philosophy,adresse e-mail publiée champ obligatoires indiqués
baptism,philosophy,réformateur protestant désignaient régulièrement sacrement comme parole visible est-à-dire communiquaient évangile même promesse mot écrit sou forme différente pouvait être manipulée touchée goûtée
philosophy,baptism,celui sanctifié régénéré comme marie vit sou esclavage péché romain jean condition posée sagesse donc satisfaite
baptism,philosophy,adresse e-mail publiée champ obligatoires indiqués
baptism,philosophy,adresse e-mail publiée champ obligatoires indiqués
baptism,philosophy,adresse e-mail publiée champ obligatoires indiqués
baptism,philosophy,adresse e-mail publiée champ obligatoires indiqués
baptism,philosophy,air saisir quelque chose précisément supposée pureté eglise absence non-régénérés eglise repose argumentaire réformé-baptiste auquel réponds distinction donc aucune aide discussion
philosophy,baptism,rappel glose commentaire « officiel » bible très utilisé moyen-âge particularité être écrit suite verset commentés
philosophy,baptism,maxime étudiant médecine lille fondateur blog parlafoifr passionne théologie systématique histoire dogme philosophie réaliste entendrez souvent bouche thomas aquin jean calvin vive scolastique affirme être marié meilleur épouse monde vivent ensemble lille leurs deux enfant moniteur méthode billings
baptism,philosophy,là-dessus plutôt accord prenons peu recul avant tirer conclusion hâtives
baptism,philosophy,« toutes nation faites viendront prosterner devant face seigneur rendre gloire nom » psaume
philosophy,baptism,issue cette série crois prêt dire présuppositionaliste pense toutefois habitude présuppositionalistes cibler présupposition fautif croyance païen extrêmement efficace plutôt systématiquement sentir obligé argumenter fonction faux prémisse capricieusement établies païens… « meilleur défense bonne attaque » comme dit
baptism,philosophy,toujours admiratif devant science grand merci cette bibliothèque
baptism,philosophy,adresse e-mail publiée champ obligatoires indiqués
philosophy,baptism,jérémie « avant façonne ventre mère distingué » non thomas applique marie montre ainsi possible personne être sanctifiées –et donc aussi régénéréesnées nouveau – avant naissance cas jérémie aussi jean-baptiste « rempli esprit saint depuis ventre mère »
philosophy,baptism,bien selon » expressément dit « cette coupe » est-à-dire celle peuple juif peuvent avoir excuse ignorance mettent mort car loi prophète prophétisent chaque jour »
philosophy,baptism,évangile luc généalogie seigneur remonte adam
baptism,philosophy,adresse e-mail publiée champ obligatoires indiqués
baptism,philosophy,adresse e-mail publiée champ obligatoires indiqués
baptism,philosophy,important reconnaître présupposé culture influence cela fin soi prisonnier culture faut donc aller au-delà simple remarque « voyons chose différemment » demander point point quelle vision reflète réalité
baptism,philosophy,etienne omnès janvier heure min
baptism,philosophy,samuel « est-ce hui commencé consulter dieu loin roi mette rien charge serviteur ni personne maison père car serviteur connaît tout ceci aucune chose petit grand »
baptism,philosophy,aphorisme of justification – richard baxterhttpsbooksgooglefrbooksidwvpthtfkacprintsecfrontcoverdqaphorismesofjustification-richardbaxterhlfrsaxvedahukewignyuwnxcahvkthqkhbobvaqaeikzaavonepageqffalse baxter a avantage être saturé ecriture
baptism,philosophy,oui oui voulais dire presby disent nécessairement apostat sanctifiés tout cas tous sens terme
baptism,philosophy,adresse e-mail publiée champ obligatoires indiqués
baptism,philosophy,cela palpable réveil parmi musulman actuellement nombreux rapport mission signalent foi chef tribu a atteint évangile tout village a suivi tout simplement parce dieu lui-même a créé communauté grâce dieu vient détruire dieu a créé utilise magnifie sert gloire dieu utilise famille a créé répandre grâce mille génération ex
philosophy,baptism,lune caractéristique scolastique réformée utilisation distinction réformé hérité cette méthode théologique moyen âge catholique romain luthérien théologien remonstrants également utilisé distinction présenter propre théologie mot terme ambigu retrouvent souvent discours théologique nécessite utilisation distinction aider clarifier précisément veut dire
baptism,philosophy,jai déjà répondu cette affirmation faux impossible prouver
philosophy,baptism,maxime georgelhttpwwwparlafoilocal septembre heure min
baptism,philosophy,« capacité tolérer erreur faute » accepter tous revendiquent saint esprit matière conviction faut décrisper garder esprit chaque « cadre lecture » a défaut qualité si clair bible débat comme trinité humanité divinité christ … sein christianisme néanmoins indispensable avoir conviction fort car elles servent présupposé manière réfléchir agir humilité caractérise ceux compris peuvent être détenteur vérité tous domaine doctrinaux foi…
baptism,philosophy,adresse e-mail publiée champ obligatoires indiqués
baptism,philosophy,adresse e-mail publiée champ obligatoires indiqués
philosophy,baptism,scolastique réformée a grand don église a largement sous-estimé ignoré contexte actuel ceux veulent embrasser théologie réformée besoin connaître quelque chose histoire réformée lecture institution calvin bon début juste début connaissance superficielle scolastique cette série vise résumer peut aider éviter faire faux supposition scolastique réformée
baptism,philosophy,adresse e-mail publiée champ obligatoires indiqués
baptism,philosophy,systematic theology – louis berkhofhttpwwwapuritansmindcomwp- contentuploadssystematic-theology-by-louis-berkhofpdf systématique réformée plus agréable lire accessible
baptism,philosophy,jésus exclut-il enfant royaume dieu contraire mc
philosophy,baptism,maxime georgelhttpwwwparlafoilocal décembre heure min
baptism,philosophy,terme technique reçu diverses définition préfère savoir où situe interlocuteur quelques remarque – terme justification bible fait référence évènement passé ordre donné paul rom sanctification puis justification inverse manière explicite – régénération peut désigner effet changement vie a cour tout long vie – régénération désigne plus particulièrement première étape changement naissance haut initie vie éternelle divine jean situe cette évènement avant foi ceux croient passé régénérés cela colle jean dit appelé enfant nés dieu ceux croient parole nés non sang ni volonté chair ni volonté homme dieu – sanctification décrite passé bible fait cas référence désigne justification théologie réformée présent futur désigne processus changement progressif découle glorification parfaite ciel vision fruition béatifiques – foi procède oeuvre dieu initiale coeur homme quelque nom veut donner non volonté dernier vérité foi dogme proclamé depuis antiquité paul exprime clairement dit foi don dieu afin nul puisse vanter eph dit philippiens a fait grâce non seulement croire aussi souffrir christ encore dit timothée serviteur dieu doit oeuvrer patiemment espoir dieu donnera repentance cette dernier toujours accompagnée foi invite consulter série « quel lien entre justification oeuvre salut » cour explorera article articulation différent élément
baptism,philosophy,semblait introduction déjà très bien préfère français instant niveau trop faible anglais genre livre merci quand merci rendre accessible blog nombreuses ressource trouve français
baptism,philosophy,cette façon procéder ni honnête ni vertueuse chrétien devrait éviter convient comprendre pourquoi réformateur dit dit faut tout abord écouter dit non supposer pourquoi dit afin excuser écarter position dérange fait assez facile dire auteur dit dit raison obscures argument peut-être assez facilement retourné avance rien débat question faut poser plutôt dit-il quels argument
baptism,philosophy,adresse e-mail publiée champ obligatoires indiqués
philosophy,baptism,recherche récentes suggèrent cependant « scolastique » bien définie toutes nuance historique contextuelles faisait partie intégrante époque réforme après-réforme milieu xviiie siècle où a commencé perdre place théologie – théologie réformée influence place réforme suite peuvent être petit si considère source connaissance dont disposaient réformateur leurs héritier
baptism,philosophy,adresse e-mail publiée champ obligatoires indiqués
baptism,philosophy,adresse e-mail publiée champ obligatoires indiqués
baptism,philosophy,adresse e-mail publiée champ obligatoires indiqués
philosophy,baptism,enfin beau donner témoignage contraire penser celui st iii q a r seule isolde cambournac a interagi avechttpsiaquinascomlimmaculee-conception-la-pierre-dachoppement-de- saint-thomas citant simplement dogme romain peu trop léger goût
baptism,philosophy,adresse e-mail publiée champ obligatoires indiqués
philosophy,baptism,bref théologie réformée seulement théologie catholique réformée théologie confessionnelle réformée aussi théologie scolastique réformée ceux tradition réformée aujourdhui souhaitent éviter étiquette « scolastique » savent probablement quel point redevable scolastique aussi quel point peut-être involontairement théologie reste scolastique
philosophy,baptism,jesus loves this i know for the bible tell so
baptism,philosophy,adresse e-mail publiée champ obligatoires indiqués
baptism,philosophy,nie faille connaître bien mal accéder salut jésus a porté petit enfant pouvaient marcher a déclaré royaume dieu regarde ni intelligence ni âge an totalement arbitraire ailleurs aucune étude psychologique vient corroborer cet âge dire handicapé mentaux peuvent-ils jamais être sauvé atteignent jamais telle conscience
baptism,philosophy,adresse e-mail publiée champ obligatoires indiqués
baptism,philosophy,ainsi invite ici cacher derrière slogan peser argument avancés avant poursuivre réponse objection irrationnel rejeter argument valide fait argument valide dépend « lunette » validité quelque chose objectif vérifiable car validité autre mot dire « vérité » vérité objective tient source dieu lui-même
baptism,philosophy,lieu chercher justifier acte tradition déjà bien encrées cherchent plutôt vérité dieu
baptism,philosophy,adresse e-mail publiée champ obligatoires indiqués
baptism,philosophy,adresse e-mail publiée champ obligatoires indiqués
baptism,philosophy,bien agit deux théologie légitime arbitrage politique pédobaptême maintenu contingence historique » ainsi pouvant faire juste fort a fait fort juste »
baptism,philosophy,cet article nécessaire vraiment toute admiration travail fais
baptism,philosophy,adresse e-mail publiée champ obligatoires indiqués
philosophy,baptism,retenons ceci john frame avis a lourdement discrédité cette controverse particulièrement insistance critiquer tradition historique église pire argument reste encore celui où a critiqué james dolezal remise cause consensus douzaine théologien contemporains… alors cette douzaine contradiction toute histoire église clément alexandrie turretin quand homme considérait comme bastion orthodoxie conservatisme biblique trouvé défaut cette orthodoxie surpris argument progressistes…
philosophy,baptism,largument donc suivant « a bonne raison croire a reçu privilège grâce supérieur ceux tous autres homme » cite
philosophy,baptism,pendant taquiner arminiens vais aussi taquiner autre sujet persévérance saint
baptism,philosophy,adresse e-mail publiée champ obligatoires indiqués
baptism,philosophy,adresse e-mail publiée champ obligatoires indiqués
baptism,philosophy,adresse e-mail publiée champ obligatoires indiqués
philosophy,baptism,a inverse « ned ludd » effet figure fiction rassemble plusieurs ouvrier briseur machine angleterre xixe siècle derrière ned ludd a réalité john smith john doe charles smith… regroupés sou seule figure « ned ludd » donc ned ludd multiple
baptism,philosophy,livre français sujet chose assez rare mériter être signalée pouvez télécharger google book cliquant icihttpsbooksgooglefrbooksidycqaaaacaajpgpadqcesarmalanhlfrsaxeiluffvjnunbatpegdajvedcecqaewbtguvonepageqffalse
baptism,philosophy,familiar letters sacraments addressed to the people of his charge – jesse fonda a mhttpsbooksgooglefrbooksidqoaaaaiaajprintsecfrontcoverdqfamiliarlettersonsacramentsaddressedtothepeopleofhischarge-jessefondaamhlfrsaxvedahukewikwrbojxcahwdxqkhyfbtwqaeikzaavonepageqffalse
baptism,philosophy,air saisir quelque chose précisément supposée pureté eglise absence non-régénérés eglise repose argumentaire réformé-baptiste auquel réponds distinction donc aucune aide discussion
philosophy,baptism,glose sorte commentaire biblique officiel moyen-âge présente sou forme verset évangile suivi commentaire plus moins long comme long récit entrelacé texte biblique commentaire souvent commentaire compilation citation père église
philosophy,baptism,pu citer aussi daniel « tous habitant terre yeux néant agit comme plaît armée cieux habitant terre a personne résiste main dise fais-tu »
baptism,philosophy,etienne omnès février heure min
baptism,philosophy,adresse e-mail publiée champ obligatoires indiqués
baptism,philosophy,a compendious view of natural and revealed religion – john brownhttpsarchiveorgstreamacompendiousviewofnaturalandrevealedreligioncompendiousviewofnaturalpagenmodeup classique
baptism,philosophy,adresse e-mail publiée champ obligatoires indiqués
baptism,philosophy,reste donc seules possibilité veut rester intellectuellement cohérent
philosophy,baptism,dort rejeta point discorde remonstrants controverse loin être terminée position confessionnelle dort devait être défendue milieu assaut continu « arminiens » montée puissance leurs proche cousin sociniens ainsi position réformées complexe défendues manière élaborée reprise francis turretinhttpsparlafoifrde-quel-droit-les- reformateurs-pouvaient-ils-reformer-leglise-francois-turretin -- petrus van mastricht gisbertus voetius entre autres suivant trace amandus polanus a écrit très célèbre syntagma theologiae christianae théologien écrit système doctrine continuent influencer théologien réformé jour méthode méthode scolastique signifie hui très redevable scolastique réformé travail époque haute orthodoxie tout lecteur anglais possède œuvre charles hodge louis berkhof a possession texte scolastique réformé si traitement hodge berkhof considérablement moins savant théologien mentionnés ci-dessus
baptism,philosophy,adresse e-mail publiée champ obligatoires indiqués
baptism,philosophy,adresse e-mail publiée champ obligatoires indiqués
baptism,philosophy,beaucoup apprendre sortez orgueil fait penser savez tout remettez question questionnant dieu directement prière réponse arrêtez livre étude … etc
baptism,philosophy,adresse e-mail publiée champ obligatoires indiqués
philosophy,baptism,accord thomas aquin passé avant conception christ connaissent tous régénérés évident marie régénérée moment conception christ contre encore difficile considérer comme égal saint ciel alors encore terre comment interpréter alors effort entraver ministère jésus matthieu luc jésus rejette explicitement « bienheureux » comme saint ciel moment ministère
philosophy,baptism,selon effet temporel certain don dieu abraham choisi dieu alors a déjà certain âge
philosophy,baptism,arrêtons là commentaire rendez compte cela veut dire
philosophy,baptism,supers-évangélistes crient depuis boîte savon
baptism,philosophy,adresse e-mail publiée champ obligatoires indiqués
baptism,philosophy,débat autour transsubstantation plus ecclésiologique tous agissait tant savoir si pain chair jésus savoir si église médiatrice entre homme dieu si prêtre a pouvoir changer pain vin corps sang christ alors grâce dieu toute entière contenue christ retrouve nouveau main prêtrise romaine
philosophy,baptism,saute article car apporte très peu donnée nouvelle concentre question va probablement intéresser tous hébraïsant autres « parle moitié hébreu prière si sais lire alphabet vrai »
baptism,philosophy,adresse e-mail publiée champ obligatoires indiqués
baptism,philosophy,adresse e-mail publiée champ obligatoires indiqués
baptism,philosophy,httpscontrastwordpresscom meilleur matière théologie historique exégèse très détaillées
baptism,philosophy,adresse e-mail publiée champ obligatoires indiqués
baptism,philosophy,not reformed and not safe a summary critique of paedocommunion william schweitzer
baptism,philosophy,cela suffira comprendre point plus important théologie réformée
philosophy,baptism,lhumanisme a influencé réformateur comme calvin humanisme nord-européen selon van asselt « humanisme europe nord abord allé pair réforme primitive prêtant attention écrivain antiquité classique a tenté établir lien entre étude classique étude bible »
baptism,philosophy,mari père appartient christ marque salut confession foi sacrement reçois
philosophy,baptism,outre méthode locus scolastique réformé également utilisé disputatio note « controverse » « débat public » controverse souvent organisées comme locus étudiant débattaient théologie selon ensemble thèse souvent organisées professeur étudiant défende contre attaque adversaire question type aristotélicien fréquemment utilisées ordonner disputatio technique quaestio donc type question structuraient différent débat théologiques
baptism,philosophy,adresse e-mail publiée champ obligatoires indiqués
baptism,philosophy,etienne omnès janvier heure min
baptism,philosophy,cela palpable réveil parmi musulman actuellement nombreux rapport mission signalent foi chef tribu a atteint évangile tout village a suivi tout simplement parce dieu lui-même a créé communauté grâce dieu vient détruire dieu a créé utilise magnifie sert gloire dieu utilise famille a créé répandre grâce mille génération ex
baptism,philosophy,adresse e-mail publiée champ obligatoires indiqués
